{"cameraMode":{"drawMode":0,"name":"Shaded","section":"Shading Mode"},"sceneLighting":true,"audioPlay":false,"sceneViewState":{"showFog":true,"showMaterialUpdate":false,"showSkybox":true,"showFlares":true,"showImageEffects":true,"showParticleSystems":true,"showVisualEffectGraphs":true,"m_FxEnabled":true},"in2DMode":false,"pivot":{"x":-0.27726998925209048,"y":-0.9247875213623047,"z":1.6118946075439454},"rotation":{"x":-0.41619572043418887,"y":0.015529251657426358,"z":-0.007147032301872969,"w":-0.9091510772705078},"size":17.396862030029298,"orthographic":false}